customers,movie,snack,drink
강하윤,시민덕희,일반,환타
하민수,상견니,나초,사이다
조병철,웡카,프레즐,콜라
윤영식,도그맨,카라멜,스프라이트
김민재,외게인,프레즐,사이다
구지현,외게인,치즈,사이다
권경숙,너의 이름은,나초,스프라이트
오현우,상견니,일반,환타
최정식,상견니,나초,환타
김우진,라라랜드,나초,사이다
최순자,시민덕희,카라멜,스프라이트
김영환,외게인,일반,사이다
김수빈,상견니,치즈,사이다
이정자,시민덕희,프레즐,스프라이트
이재현,도그맨,오징어,스프라이트
이정자,도그맨,나초,사이다
이서영,너의 이름은,오징어,콜라
김영숙,도그맨,오징어,사이다
정정웅,외게인,오징어,스프라이트
김진우,도그맨,치즈,콜라
송승민,웡카,핫도그,환타
노서연,도그맨,일반,스프라이트
김현주,시민덕희,프레즐,스프라이트
전성수,상견니,프레즐,사이다
구성진,도그맨,오징어,콜라
한유진,도그맨,핫도그,콜라
오미정,웡카,일반,사이다
이정훈,라라랜드,일반,스프라이트
문동현,라라랜드,일반,콜라
이우진,라라랜드,오징어,스프라이트
송정숙,외게인,오징어,환타
김도윤,라라랜드,카라멜,사이다
나명숙,외게인,프레즐,콜라
윤정웅,상견니,오징어,스프라이트
강지은,라라랜드,나초,스프라이트
곽승민,웡카,일반,환타
장아름,너의 이름은,프레즐,사이다
박서현,도그맨,일반,환타
안민수,웡카,오징어,사이다
이영진,외게인,핫도그,콜라
하동현,웡카,프레즐,콜라
류채원,시민덕희,나초,환타
이수민,너의 이름은,나초,환타
이영자,외게인,카라멜,환타
박아름,웡카,카라멜,사이다
유중수,상견니,오징어,환타
최하은,너의 이름은,치즈,콜라
김지혜,웡카,치즈,환타
손영진,외게인,카라멜,스프라이트
윤정호,시민덕희,치즈,환타
김민재,시민덕희,오징어,스프라이트
정지민,너의 이름은,핫도그,스프라이트
한지민,웡카,나초,콜라
강하윤,도그맨,일반,사이다
김미영,외게인,카라멜,콜라
박미숙,라라랜드,오징어,스프라이트
이보람,라라랜드,나초,콜라
박정훈,웡카,나초,콜라
박숙자,도그맨,치즈,스프라이트
김병철,시민덕희,오징어,환타
김서준,상견니,프레즐,콜라
한도현,너의 이름은,나초,콜라
송민지,외게인,오징어,스프라이트
김상철,상견니,핫도그,사이다
강정웅,라라랜드,치즈,스프라이트
김영길,시민덕희,프레즐,콜라
황영숙,외게인,치즈,콜라
박아름,외게인,오징어,사이다
김경숙,라라랜드,일반,사이다
김민재,상견니,핫도그,콜라
김지영,웡카,카라멜,콜라
손정호,라라랜드,오징어,환타
이진호,도그맨,프레즐,사이다
최예지,상견니,카라멜,스프라이트
강성수,상견니,치즈,사이다
박지원,시민덕희,오징어,콜라
문지우,상견니,치즈,스프라이트
이동현,시민덕희,일반,스프라이트
황아름,도그맨,치즈,환타
박서준,웡카,일반,스프라이트
이민지,너의 이름은,오징어,사이다
김예진,너의 이름은,핫도그,콜라
박성현,도그맨,핫도그,콜라
권민서,웡카,나초,콜라
박영진,웡카,나초,사이다
구보람,외게인,치즈,사이다
김성호,시민덕희,카라멜,스프라이트
황춘자,너의 이름은,일반,콜라
이민준,시민덕희,핫도그,스프라이트
노미정,시민덕희,프레즐,사이다
김준혁,상견니,카라멜,환타
김진우,라라랜드,오징어,환타
김명숙,너의 이름은,프레즐,환타
박윤서,상견니,핫도그,콜라
김정순,라라랜드,카라멜,환타
이옥자,상견니,프레즐,콜라
이도윤,웡카,프레즐,콜라
박서영,외게인,카라멜,환타
김서영,시민덕희,핫도그,스프라이트
김건우,웡카,카라멜,사이다
양미경,라라랜드,오징어,스프라이트
홍영길,도그맨,나초,환타
조아름,상견니,일반,콜라
이영미,라라랜드,오징어,사이다
양성호,라라랜드,오징어,콜라
고정순,너의 이름은,프레즐,사이다
오은경,상견니,나초,환타
김지아,상견니,프레즐,환타
박경숙,도그맨,프레즐,스프라이트
곽수진,너의 이름은,일반,스프라이트
손상훈,라라랜드,핫도그,사이다
장영호,웡카,나초,환타
송지원,시민덕희,프레즐,콜라
최영숙,외게인,핫도그,환타
김영환,시민덕희,카라멜,환타
강준서,외게인,카라멜,콜라
황서현,상견니,카라멜,사이다
김현숙,라라랜드,핫도그,스프라이트
정동현,라라랜드,프레즐,스프라이트
양민재,라라랜드,카라멜,스프라이트
이지후,외게인,프레즐,스프라이트
김지아,시민덕희,일반,스프라이트
박영철,너의 이름은,카라멜,사이다
김영철,너의 이름은,핫도그,환타
이건우,너의 이름은,오징어,콜라
박예원,너의 이름은,프레즐,사이다
이지혜,외게인,프레즐,사이다
권정수,상견니,카라멜,환타
양옥순,상견니,나초,콜라
이영순,웡카,카라멜,스프라이트
김준서,너의 이름은,오징어,사이다
김도현,도그맨,오징어,스프라이트
최영호,도그맨,나초,환타
장정웅,도그맨,나초,스프라이트
손은정,시민덕희,카라멜,스프라이트
이정희,외게인,핫도그,사이다
이준영,웡카,나초,사이다
장윤서,외게인,오징어,사이다
강민지,도그맨,치즈,스프라이트
김은영,상견니,일반,콜라
김미정,상견니,치즈,콜라
김옥순,외게인,일반,사이다
장하윤,라라랜드,오징어,사이다
차준영,웡카,프레즐,콜라
강민수,도그맨,핫도그,사이다
박지후,웡카,일반,콜라
권주원,시민덕희,핫도그,콜라
이서준,라라랜드,핫도그,사이다
장영진,웡카,오징어,스프라이트
이지연,외게인,일반,스프라이트
김승민,웡카,오징어,사이다
김지훈,라라랜드,핫도그,스프라이트
최영진,너의 이름은,오징어,콜라
황영미,도그맨,나초,환타
최예은,너의 이름은,핫도그,스프라이트
안영철,웡카,프레즐,사이다
김은영,너의 이름은,치즈,사이다
이준영,상견니,나초,스프라이트
이명숙,상견니,카라멜,환타
손영순,상견니,치즈,환타
이재호,상견니,나초,사이다
황영진,상견니,프레즐,사이다
손정호,웡카,일반,스프라이트
김예원,너의 이름은,프레즐,환타
장경수,도그맨,프레즐,스프라이트
이영일,라라랜드,프레즐,스프라이트
이미숙,라라랜드,나초,환타
강영숙,상견니,카라멜,스프라이트
박예원,도그맨,오징어,스프라이트
이예원,시민덕희,오징어,사이다
이숙자,상견니,나초,콜라
김순옥,상견니,프레즐,환타
이윤서,상견니,일반,콜라
홍상현,시민덕희,핫도그,환타
박하은,상견니,프레즐,환타
오경수,라라랜드,일반,콜라
이현정,라라랜드,카라멜,콜라
박채원,웡카,카라멜,환타
최정남,웡카,카라멜,사이다
김유진,라라랜드,핫도그,환타
윤은정,시민덕희,프레즐,콜라
김현준,라라랜드,치즈,콜라
심성진,너의 이름은,오징어,환타
김중수,상견니,핫도그,환타
김성진,라라랜드,일반,스프라이트
김경희,시민덕희,프레즐,환타
박지후,웡카,카라멜,콜라
김예원,외게인,카라멜,사이다
김지훈,상견니,핫도그,스프라이트
송현주,상견니,카라멜,스프라이트
김건우,상견니,나초,콜라
문명숙,라라랜드,일반,스프라이트
이승민,웡카,프레즐,스프라이트
김하윤,너의 이름은,나초,스프라이트
김지현,웡카,오징어,환타
김상철,상견니,일반,사이다
박정희,라라랜드,오징어,스프라이트
이현지,웡카,치즈,사이다
오경숙,외게인,프레즐,콜라
김경숙,시민덕희,카라멜,콜라
김상훈,너의 이름은,나초,환타
윤현정,상견니,카라멜,환타
조현주,도그맨,프레즐,사이다
배준서,상견니,나초,스프라이트
김상현,상견니,카라멜,환타
오예진,웡카,치즈,사이다
이영수,웡카,프레즐,스프라이트
노준서,웡카,치즈,환타
오정웅,외게인,프레즐,사이다
송상훈,도그맨,오징어,콜라
임선영,라라랜드,카라멜,사이다
류재호,시민덕희,핫도그,스프라이트
홍상호,라라랜드,일반,사이다
김영환,외게인,치즈,스프라이트
이건우,너의 이름은,치즈,환타
황상훈,너의 이름은,오징어,환타
황지후,너의 이름은,일반,스프라이트
이성현,라라랜드,일반,사이다
이성현,웡카,일반,콜라
박지후,시민덕희,일반,스프라이트
장종수,라라랜드,핫도그,환타
김예원,도그맨,카라멜,스프라이트
이상현,라라랜드,프레즐,스프라이트
송우진,상견니,오징어,사이다
문지혜,외게인,프레즐,환타
이진호,라라랜드,카라멜,콜라
허예지,외게인,카라멜,사이다
이건우,너의 이름은,오징어,환타
이순자,너의 이름은,나초,스프라이트
김준호,너의 이름은,오징어,콜라
백채원,라라랜드,나초,사이다
권정훈,라라랜드,일반,사이다
곽영길,시민덕희,카라멜,사이다
박주원,시민덕희,핫도그,사이다
박지연,도그맨,프레즐,사이다
박준혁,상견니,일반,스프라이트
최지영,상견니,일반,콜라
최시우,너의 이름은,카라멜,스프라이트
김정호,라라랜드,핫도그,콜라
송우진,시민덕희,핫도그,사이다
한정숙,너의 이름은,치즈,스프라이트
장현정,너의 이름은,오징어,환타
백정자,너의 이름은,일반,환타
박성훈,라라랜드,일반,콜라
임정순,웡카,오징어,스프라이트
이은서,외게인,나초,환타
윤명자,상견니,일반,콜라
권선영,외게인,오징어,환타
이경숙,상견니,치즈,스프라이트
고영순,웡카,일반,사이다
한종수,웡카,일반,환타
최윤서,상견니,카라멜,사이다
장지우,시민덕희,치즈,환타
이영진,외게인,핫도그,콜라
김영수,웡카,나초,스프라이트
황종수,라라랜드,핫도그,환타
김지영,도그맨,나초,스프라이트
이승민,시민덕희,핫도그,스프라이트
김지현,라라랜드,나초,환타
김은서,외게인,프레즐,사이다
이성수,라라랜드,나초,환타
최성민,도그맨,일반,스프라이트
배은경,도그맨,핫도그,콜라
박영철,웡카,치즈,스프라이트
강정남,웡카,핫도그,환타
박서윤,외게인,핫도그,사이다
김준호,외게인,일반,환타
박명숙,상견니,핫도그,콜라
조지혜,웡카,오징어,스프라이트
이아름,웡카,일반,콜라
김현준,웡카,일반,콜라
이영길,시민덕희,일반,콜라
박지아,외게인,프레즐,콜라
김지훈,상견니,프레즐,스프라이트
나광수,도그맨,나초,환타
양정희,도그맨,일반,환타
허현우,외게인,카라멜,스프라이트
김진호,상견니,프레즐,스프라이트
윤상호,도그맨,카라멜,스프라이트
김민수,시민덕희,나초,환타
김영길,너의 이름은,일반,스프라이트
이경자,라라랜드,일반,스프라이트
류보람,라라랜드,오징어,콜라
이병철,상견니,일반,콜라
이승현,시민덕희,핫도그,콜라
김진우,외게인,나초,환타
장정순,상견니,일반,사이다
이예지,도그맨,오징어,스프라이트
이정호,너의 이름은,핫도그,사이다
장성수,도그맨,일반,콜라
홍선영,너의 이름은,나초,콜라
한진우,너의 이름은,카라멜,환타
박영철,시민덕희,오징어,스프라이트
김광수,외게인,프레즐,환타
김정호,너의 이름은,프레즐,콜라
하채원,외게인,카라멜,환타
권영식,너의 이름은,프레즐,콜라
이미영,도그맨,나초,사이다
김준혁,도그맨,나초,스프라이트
박경수,상견니,일반,스프라이트
이진우,웡카,일반,스프라이트
김수빈,너의 이름은,핫도그,사이다
손지아,시민덕희,카라멜,사이다
차영일,웡카,일반,환타
손경희,너의 이름은,핫도그,환타
양성진,상견니,오징어,환타
이순옥,도그맨,나초,사이다
김정자,도그맨,치즈,환타
김아름,웡카,일반,스프라이트
김현정,너의 이름은,프레즐,콜라
류준혁,도그맨,일반,환타
윤지민,도그맨,치즈,사이다
이수민,라라랜드,핫도그,콜라
김경수,웡카,핫도그,사이다
윤은영,너의 이름은,치즈,환타
이아름,외게인,일반,스프라이트
이도윤,상견니,일반,콜라
이영일,라라랜드,핫도그,스프라이트
이영식,라라랜드,오징어,사이다
류영철,도그맨,프레즐,환타
김정웅,도그맨,치즈,환타
윤유진,웡카,핫도그,스프라이트
박승현,도그맨,치즈,콜라
김상호,라라랜드,카라멜,환타
박지민,도그맨,일반,콜라
이하은,웡카,일반,환타
이준영,도그맨,프레즐,스프라이트
박영순,외게인,나초,사이다
배정남,외게인,나초,사이다
최영숙,도그맨,프레즐,환타
문지훈,시민덕희,치즈,스프라이트
민준혁,너의 이름은,나초,사이다
최상현,너의 이름은,치즈,사이다
류준영,상견니,나초,콜라
김경수,라라랜드,카라멜,사이다
양지후,도그맨,치즈,스프라이트
최미경,상견니,일반,스프라이트
강영자,도그맨,오징어,사이다
박영수,너의 이름은,나초,환타
김병철,외게인,프레즐,환타
김수빈,웡카,프레즐,스프라이트
박영수,너의 이름은,오징어,스프라이트
안진호,도그맨,나초,환타
김영미,상견니,치즈,환타
김경희,시민덕희,카라멜,환타
이영길,너의 이름은,일반,콜라
박준혁,외게인,핫도그,사이다
우민지,라라랜드,일반,콜라
김정식,도그맨,카라멜,스프라이트
이정희,너의 이름은,카라멜,콜라
이현준,시민덕희,핫도그,환타
이순자,너의 이름은,나초,사이다
오동현,상견니,치즈,콜라
이준영,외게인,일반,스프라이트
고예준,도그맨,오징어,환타
김성훈,웡카,치즈,환타
성은서,라라랜드,핫도그,환타
이진우,웡카,일반,스프라이트
김아름,도그맨,프레즐,콜라
전성현,웡카,오징어,사이다
김은정,상견니,일반,콜라
이준호,시민덕희,프레즐,사이다
박영희,시민덕희,오징어,환타
김정웅,상견니,프레즐,환타
최수진,도그맨,프레즐,환타
백예지,시민덕희,오징어,스프라이트
주주원,상견니,프레즐,환타
김지훈,시민덕희,일반,스프라이트
조영길,라라랜드,오징어,환타
송민서,라라랜드,오징어,사이다
이예지,도그맨,나초,콜라
차지민,상견니,핫도그,스프라이트
김진우,외게인,핫도그,콜라
김서연,도그맨,일반,사이다
박정숙,상견니,나초,사이다
김정남,상견니,프레즐,사이다
장명자,웡카,프레즐,콜라
이정수,도그맨,핫도그,콜라
송현주,웡카,핫도그,콜라
성미경,너의 이름은,프레즐,사이다
성준혁,도그맨,프레즐,스프라이트
윤성진,상견니,치즈,환타
이아름,도그맨,핫도그,콜라
이숙자,시민덕희,프레즐,환타
김민수,도그맨,치즈,환타
황은영,시민덕희,프레즐,스프라이트
윤승현,웡카,카라멜,스프라이트
성상호,상견니,치즈,사이다
하영호,웡카,일반,콜라
유민재,시민덕희,카라멜,스프라이트
황성수,외게인,오징어,환타
윤현준,너의 이름은,치즈,스프라이트
김진호,너의 이름은,일반,스프라이트
고영환,시민덕희,오징어,스프라이트
김정웅,라라랜드,나초,스프라이트
박명자,외게인,카라멜,사이다
류영진,시민덕희,프레즐,사이다
이지후,외게인,치즈,스프라이트
정영진,라라랜드,치즈,사이다
최성진,라라랜드,핫도그,콜라
이민지,외게인,핫도그,사이다
박서윤,라라랜드,카라멜,환타
이광수,라라랜드,카라멜,환타
김지연,외게인,카라멜,콜라
안현준,외게인,치즈,스프라이트
박미숙,시민덕희,카라멜,콜라
김정훈,웡카,오징어,환타
윤현숙,도그맨,핫도그,콜라
강도현,웡카,오징어,스프라이트
박민준,외게인,나초,환타
김성훈,도그맨,일반,환타
박정수,너의 이름은,일반,환타
안경수,너의 이름은,카라멜,콜라
안현정,시민덕희,치즈,사이다
김민준,너의 이름은,핫도그,콜라
강미경,도그맨,프레즐,콜라
문수빈,상견니,나초,사이다
임서영,웡카,카라멜,사이다
이준호,시민덕희,핫도그,환타
이수민,웡카,핫도그,환타
이종수,너의 이름은,나초,환타
최지원,외게인,프레즐,콜라
나서연,도그맨,나초,콜라
김영미,외게인,치즈,환타
하영길,라라랜드,나초,콜라
오채원,외게인,프레즐,사이다
윤순옥,도그맨,치즈,사이다
김정희,라라랜드,일반,사이다
이지훈,외게인,오징어,환타
김숙자,시민덕희,치즈,사이다
박서현,라라랜드,오징어,사이다
홍민준,라라랜드,치즈,환타
강성민,상견니,카라멜,콜라
이동현,라라랜드,핫도그,스프라이트
차영희,시민덕희,오징어,콜라
이지후,웡카,치즈,스프라이트
임지원,상견니,프레즐,스프라이트
권민재,도그맨,오징어,환타
송미숙,웡카,치즈,사이다
김성진,라라랜드,카라멜,사이다
김정훈,시민덕희,프레즐,스프라이트
박예지,라라랜드,일반,사이다
김상호,라라랜드,일반,스프라이트
김지훈,라라랜드,치즈,사이다
강영순,도그맨,나초,스프라이트
박미숙,웡카,핫도그,환타
박보람,도그맨,카라멜,콜라
김채원,웡카,프레즐,콜라
윤상현,도그맨,카라멜,콜라
최은주,시민덕희,일반,스프라이트
장선영,너의 이름은,치즈,사이다
전광수,도그맨,일반,콜라
윤민석,너의 이름은,프레즐,환타
김상훈,라라랜드,치즈,사이다
곽지영,웡카,일반,사이다
김서준,시민덕희,오징어,스프라이트
박경희,도그맨,오징어,스프라이트
이은서,외게인,카라멜,환타
최현우,외게인,카라멜,사이다
박미영,웡카,나초,콜라
김현준,라라랜드,오징어,사이다
김진호,상견니,나초,스프라이트
김윤서,라라랜드,나초,환타
이민준,상견니,치즈,환타
윤성진,웡카,카라멜,사이다
김민석,시민덕희,프레즐,콜라
박은경,너의 이름은,오징어,환타
오민준,도그맨,오징어,콜라
한순자,웡카,카라멜,환타
김재현,외게인,핫도그,환타
조영환,시민덕희,나초,스프라이트
이준호,상견니,치즈,콜라
김동현,상견니,오징어,사이다
이정훈,도그맨,카라멜,환타
노민준,상견니,핫도그,콜라
김영길,너의 이름은,나초,콜라
김미숙,도그맨,나초,스프라이트
류영길,도그맨,치즈,스프라이트
이지은,도그맨,프레즐,콜라
박영미,웡카,카라멜,콜라
임보람,웡카,핫도그,사이다
이수민,시민덕희,프레즐,스프라이트
박승민,시민덕희,일반,사이다
김현지,외게인,카라멜,환타
최상훈,도그맨,오징어,환타
조순옥,라라랜드,오징어,콜라
유윤서,시민덕희,일반,환타
황서연,도그맨,일반,스프라이트
장종수,상견니,카라멜,스프라이트
오명숙,도그맨,나초,사이다
김정수,상견니,프레즐,환타
서준호,도그맨,일반,환타
김채원,도그맨,핫도그,환타
이민재,시민덕희,카라멜,콜라
이아름,라라랜드,카라멜,콜라
김명자,상견니,나초,스프라이트
안성훈,도그맨,일반,사이다
하경수,라라랜드,치즈,사이다
박영호,웡카,오징어,스프라이트
박승현,웡카,치즈,사이다
